mean_auc,std_auc,rank_test_score,mean_fit_time,std_fit_time,clf__class_weight,clf__criterion,clf__max_depth,clf__min_samples_leaf
0.8560005396866213,0.002168184202710781,1,1.4427259922027589,0.00675522037564165,,log_loss,13,88
0.8560005396866213,0.002168184202710781,1,1.500290822982788,0.018915551595663174,,entropy,13,88
0.8557972034071686,0.003590392827070961,3,1.357426691055298,0.053736716601923515,,log_loss,11,58
0.8557972034071686,0.003590392827070961,3,1.2966169834136962,0.012799349077992777,,entropy,11,58
0.8557301675620073,0.0029096825920026342,5,1.3706801414489747,0.012135970592399247,balanced,entropy,11,24
0.8557301675620073,0.0029096825920026342,5,1.375358247756958,0.0076783510370312235,balanced,log_loss,11,24
0.8556516467626085,0.0028849254220765196,7,1.5116283416748046,0.029485206487323508,,entropy,13,58
0.8556516467626085,0.0028849254220765196,7,1.48504638671875,0.003904575227762289,,log_loss,13,58
0.855633758781688,0.002734612219956323,9,1.4180835723876952,0.043988994739174225,balanced,log_loss,11,34
0.855633758781688,0.002734612219956323,9,1.3718718051910401,0.018035062453908002,balanced,entropy,11,34
0.8556297266595376,0.0033767421568608475,11,1.312717342376709,0.007951544761691971,,log_loss,11,34
0.8556297266595376,0.0033767421568608475,11,1.3586204528808594,0.03102853950566331,,entropy,11,34
0.8556140558680145,0.0033304893508684956,13,1.295290470123291,0.028715454132318297,,entropy,11,88
0.8556140558680145,0.0033304893508684956,13,1.258557176589966,0.01361089798204312,,log_loss,11,88
0.8555921586265764,0.0032667861582709517,15,1.3114616394042968,0.003974591543976979,balanced,log_loss,11,58
0.8555921586265764,0.0032667861582709517,15,1.4142732620239258,0.04141959512600057,balanced,entropy,11,58
0.8555896534899636,0.002510019657841548,17,1.436739158630371,0.004941345901069793,,gini,13,88
0.8555807790900193,0.002941388431576715,18,1.5409145832061768,0.00792171326145484,,gini,13,34
0.8555552841282175,0.0023932302089353335,19,1.4761730194091798,0.010328408929898083,,entropy,13,78
0.8555552841282175,0.0023932302089353335,19,1.483121967315674,0.03154581335266555,,log_loss,13,78
0.8554832043071816,0.003245953017381567,21,1.2716641902923584,0.009113967925727412,,log_loss,11,78
0.8554832043071816,0.003245953017381567,21,1.2738622188568116,0.00774241334061056,,entropy,11,78
0.8554526574323628,0.0023906491949299254,23,1.5786226749420167,0.013589126284906805,,entropy,13,34
0.8554526574323628,0.0023906491949299254,23,1.5546775817871095,0.018970897451747668,,log_loss,13,34
0.8554075416772686,0.0025510531644735643,25,1.509331512451172,0.024075717754361733,,entropy,13,68
0.8554075416772686,0.0025510531644735643,25,1.522551918029785,0.04002870342030738,,log_loss,13,68
0.8553983714785213,0.0025005906742594764,27,1.4528812885284423,0.013000904817474563,,gini,13,78
0.8553348593896241,0.003496543039086499,28,1.275504970550537,0.0051582834149934064,,log_loss,11,68
0.8553348593896241,0.003496543039086499,28,1.2872620582580567,0.01085257901686283,,entropy,11,68
0.8553293487707352,0.002883236812011818,30,1.317748737335205,0.009081177891608259,,gini,11,34
0.8552949732814822,0.0024215228346024715,31,1.4380212306976319,0.009553550011197513,,entropy,13,98
0.8552949732814822,0.0024215228346024715,31,1.5136664867401124,0.07287031002005745,,log_loss,13,98
0.855275993421212,0.0029650849698269937,33,1.4782373428344726,0.016238271350824833,,gini,13,68
0.855250602262181,0.0018714341213597978,34,1.645418930053711,0.044512839625602374,,gini,15,88
0.8552309625816139,0.0023508371205910174,35,1.462733554840088,0.02568281161250741,,gini,13,98
0.8552048780270631,0.0016049020350478317,36,1.5966229438781738,0.012691141754491448,,log_loss,15,88
0.8552048780270631,0.0016049020350478317,36,1.647934865951538,0.04322001009152718,,entropy,15,88
0.8551862840458554,0.0033230324034774013,38,1.3369575977325439,0.015927295656394343,,log_loss,11,24
0.8551862840458554,0.0033230324034774013,38,1.3629958629608154,0.03269957487049261,,entropy,11,24
0.8549890183731896,0.0033088507238398235,40,1.522723340988159,0.03789917936546013,,gini,13,58
0.8549858477042601,0.0036026832136100712,41,1.4245384693145753,0.047194350546466965,balanced,gini,11,34
0.8549289258123738,0.0031311918400407685,42,1.316329002380371,0.015967782607223455,balanced,log_loss,11,68
0.8549289258123738,0.0031311918400407685,42,1.3321438312530518,0.026166497281906936,balanced,entropy,11,68
0.8549236710370434,0.0037284565630746353,44,1.3548283576965332,0.03120751755883693,balanced,gini,11,58
0.8549085444048247,0.0016172628889541876,45,1.5622477531433105,0.014669175564342147,,gini,15,98
0.8548868354802425,0.002730197475934575,46,1.3408835411071778,0.06967785274129967,balanced,entropy,11,88
0.8548868354802425,0.002730197475934575,46,1.314811611175537,0.032136548830368754,balanced,log_loss,11,88
0.8548760182910591,0.003062414552909785,48,1.3055081367492676,0.008314102781396878,balanced,entropy,11,78
0.8548760182910591,0.003062414552909785,48,1.3345398426055908,0.04733732369473876,balanced,log_loss,11,78
0.8548405396589978,0.0017862986997889405,50,1.607549238204956,0.002986752029011275,,gini,15,78
0.8547610284097426,0.0016122363860792829,51,1.6409596920013427,0.016550588949385988,,entropy,15,78
0.8547610284097426,0.0016122363860792829,51,1.630040216445923,0.009987034025769703,,log_loss,15,78
0.8547222104471327,0.003359811107314841,53,1.5955291748046876,0.03239262892898003,balanced,log_loss,13,58
0.8547222104471327,0.003359811107314841,53,1.578953218460083,0.07146622565152626,balanced,entropy,13,58
0.8546935186268033,0.003461077481982101,55,1.3247663021087646,0.020306018978623986,,gini,11,58
0.854667401227245,0.002831600748054784,56,1.2824345588684083,0.02038698423762691,,gini,11,78
0.8546298251386784,0.002836387789270597,57,1.536043357849121,0.03047142217034175,balanced,log_loss,13,88
0.8546298251386784,0.002836387789270597,57,1.484237003326416,0.01811773137356491,balanced,entropy,13,88
0.8546054344164249,0.003030785229060043,59,1.2813867568969726,0.008376263863251932,,gini,11,68
0.8546032435605466,0.003534576363217647,60,1.3902125835418702,0.00848966870707783,balanced,gini,11,24
0.8546003728573878,0.0016974833370867013,61,1.5904330730438232,0.02480100839481693,,entropy,15,98
0.8546003728573878,0.0016974833370867013,61,1.6330877780914306,0.03556558414622806,,log_loss,15,98
0.8545801907308199,0.0033787886222851954,63,1.2987799644470215,0.022743692236014367,,log_loss,11,98
0.8545801907308199,0.0033787886222851954,63,1.2613122940063477,0.011432840679105351,,entropy,11,98
0.8545349826936292,0.0027426645634857838,65,1.337813711166382,0.01025757882788316,,gini,11,24
0.8545341367251036,0.0030682689227478164,66,1.3447147369384767,0.02829184838312353,balanced,gini,11,88
0.8545163014074276,0.0031180048380265424,67,1.3101203918457032,0.007768498675568182,balanced,gini,11,78
0.8544666329909341,0.0032365070117202255,68,1.1356929779052733,0.01795191665184114,balanced,entropy,9,34
0.8544666329909341,0.0032365070117202255,68,1.135144329071045,0.008739011404365069,balanced,log_loss,9,34
0.8544625249575606,0.0025263296955653526,70,1.6291382789611817,0.02642026968698161,,gini,13,24
0.8544552067412055,0.0022996758474619675,71,1.6103450775146484,0.04235933108087381,,entropy,13,24
0.8544552067412055,0.0022996758474619675,71,1.6372544288635253,0.05266811260914233,,log_loss,13,24
0.8544496686339945,0.002836577775448459,73,1.6026237964630128,0.012391773858793363,balanced,entropy,13,34
0.8544496686339945,0.002836577775448459,73,1.6064181804656983,0.03598212027795998,balanced,log_loss,13,34
0.8544305692215375,0.0032297114134928074,75,1.2908360004425048,0.024000419067171354,,gini,11,88
0.8544248542348163,0.002382044963424214,76,1.7345057487487794,0.0659713113279044,,gini,15,68
0.8543900810366513,0.0030220095924504433,77,1.5569780349731446,0.04506232430511152,balanced,gini,13,88
0.8543498801355154,0.0031928544631544507,78,1.4516246795654297,0.0363595737698935,balanced,entropy,11,14
0.8543498801355154,0.0031928544631544507,78,1.3892286777496339,0.009344069208697417,balanced,log_loss,11,14
0.854335422129127,0.003738736588948479,80,1.5988141536712646,0.051225034970800686,balanced,gini,13,58
0.8542808785861482,0.0033271391518853535,81,1.214439058303833,0.028439406694489733,balanced,entropy,9,24
0.8542808785861482,0.0033271391518853535,81,1.160274124145508,0.026701932436244528,balanced,log_loss,9,24
0.854255557304306,0.0031116249850080147,83,1.5515371799468993,0.03991764208376641,balanced,entropy,13,68
0.854255557304306,0.0031116249850080147,83,1.521634817123413,0.010912761920357405,balanced,log_loss,13,68
0.8542508559454802,0.002160021759845101,85,1.6635636806488037,0.011611556088455587,,entropy,15,68
0.8542508559454802,0.002160021759845101,85,1.7049615383148193,0.041285604177970316,,log_loss,15,68
0.8542268716227828,0.003268146043770261,87,1.3263046264648437,0.008788816613689658,balanced,gini,11,68
0.8542194044467273,0.003005099212975862,88,1.4133567810058594,0.021447143418317216,,gini,13,108
0.8541888096644282,0.00286936051660956,89,1.5033005237579347,0.019321862397880103,balanced,gini,13,78
0.8541739568823903,0.002644167780672596,90,1.7458060264587403,0.02967882228478741,,entropy,15,58
0.8541739568823903,0.002644167780672596,90,1.7107600688934326,0.07116262187954299,,log_loss,15,58
0.854169923063569,0.0036278487628530896,92,1.1166995525360108,0.008302406350985675,balanced,entropy,9,58
0.854169923063569,0.0036278487628530896,92,1.138681983947754,0.03370791314018464,balanced,log_loss,9,58
0.8541010835902136,0.0028397588098428893,94,1.4078729629516602,0.005504491173052376,,log_loss,13,108
0.8541010835902136,0.0028397588098428893,94,1.4418350219726563,0.021809730006629495,,entropy,13,108
0.8540968065822522,0.003031009064044177,96,1.7171356678009033,0.08212999066507387,balanced,entropy,13,24
0.8540968065822522,0.003031009064044177,96,1.61874418258667,0.0120146616033727,balanced,log_loss,13,24
0.8540845764511122,0.0029304394318734155,98,1.5083506107330322,0.029157578940810034,balanced,entropy,13,78
0.8540845764511122,0.0029304394318734155,98,1.506097936630249,0.0138368645911619,balanced,log_loss,13,78
0.8540814230711528,0.0035023021224148384,100,1.6014393806457519,0.013368328744772031,balanced,gini,13,34
0.854021274442589,0.002625829931285902,101,1.4721103191375733,0.017948278225876965,balanced,gini,13,98
0.8540189782178291,0.002851030782637472,102,1.685558843612671,0.02309904262748281,,gini,15,58
0.8540066069271383,0.0028660656692591074,103,1.2771686553955077,0.010626438650913885,balanced,log_loss,11,98
0.8540066069271383,0.0028660656692591074,103,1.308003807067871,0.02144084266291015,balanced,entropy,11,98
0.8539863373679861,0.0016570340592733854,105,1.662182378768921,0.04335232661023346,balanced,log_loss,15,88
0.8539863373679861,0.0016570340592733854,105,1.7314033031463623,0.028979850825992193,balanced,entropy,15,88
0.8539791498477687,0.002694219612074939,107,1.5074013710021972,0.04105912444887817,balanced,entropy,13,98
0.8539791498477687,0.002694219612074939,107,1.462440824508667,0.015218989718019141,balanced,log_loss,13,98
0.8539419228077094,0.002194984951708707,109,1.5365061283111572,0.010777625672175349,,gini,15,108
0.8538970500601982,0.004071086370562017,110,1.1450384140014649,0.0071587085585713,balanced,gini,9,34
0.8538966738652318,0.003450338545053975,111,1.539492416381836,0.034041626567360844,balanced,gini,13,68
0.8538927676684717,0.001956603996292931,112,1.7010696411132813,0.0307711233900271,balanced,gini,15,88
0.8538653511939834,0.003938475591948303,113,1.1499876976013184,0.0037260121538783826,balanced,entropy,9,14
0.8538653511939834,0.003938475591948303,113,1.1991057872772217,0.011553799212934875,balanced,log_loss,9,14
0.8538145926751424,0.003212501435912531,115,1.2501601219177245,0.009008665960753452,,gini,11,98
0.8538130148792131,0.003579587741328812,116,1.3699968814849854,0.021451664103969096,,entropy,11,14
0.8538130148792131,0.003579587741328812,116,1.5010331630706788,0.08508232278398753,,log_loss,11,14
0.8537609114278781,0.0031596573560262377,118,1.3599891662597656,0.01826629586304332,,gini,11,14
0.8537477239079763,0.0028384096962688556,119,1.45463285446167,0.013411224773135545,balanced,gini,13,108
0.8536970643212249,0.0033945852199065638,120,1.2622567176818849,0.02268311736289994,,entropy,11,108
0.8536970643212249,0.0033945852199065638,120,1.255766248703003,0.019635054697762437,,log_loss,11,108
0.8536866923629958,0.0029164371029545763,122,1.296809482574463,0.007072029681005335,balanced,gini,11,98
0.8536082687145328,0.004064744732693139,123,1.1836617469787598,0.03701227545217567,balanced,gini,9,24
0.853565419006331,0.003631790113364655,124,1.1207160472869873,0.010416425075102735,balanced,log_loss,9,78
0.853565419006331,0.003631790113364655,124,1.1491806507110596,0.04503342452101447,balanced,entropy,9,78
0.8535593926564948,0.0034305442616487576,126,1.1573066234588623,0.01700149277793217,balanced,log_loss,9,68
0.8535593926564948,0.0034305442616487576,126,1.115246868133545,0.001752133207227284,balanced,entropy,9,68
0.853522438223069,0.0020108352197029055,128,1.5720938205718995,0.0355212606871282,,entropy,15,108
0.853522438223069,0.0020108352197029055,128,1.5467493534088135,0.025228404401964517,,log_loss,15,108
0.8535169988842324,0.00135912242834469,130,1.6104134559631347,0.014425565941682598,balanced,log_loss,15,98
0.8535169988842324,0.00135912242834469,130,1.6084911346435546,0.017076012772984425,balanced,entropy,15,98
0.8535162060977258,0.0034745630190713217,132,1.4278624534606934,0.025611006634790694,balanced,gini,11,14
0.8534922115918693,0.002759851341039536,133,1.2847280502319336,0.006698775267301216,balanced,entropy,11,108
0.8534922115918693,0.002759851341039536,133,1.2765677928924561,0.010136107799708163,balanced,log_loss,11,108
0.8534788994903607,0.0030481615418240663,135,1.4996667861938477,0.07545078362865303,balanced,entropy,13,108
0.8534788994903607,0.0030481615418240663,135,1.446715784072876,0.018372846055744855,balanced,log_loss,13,108
0.853463782330907,0.0021788783742972243,137,1.6628917694091796,0.02370825588763689,balanced,gini,15,78
0.8534298885407632,0.0032269990621889505,138,1.2471412658691405,0.0031903799322704966,,gini,11,108
0.8534269775763731,0.004115660220391379,139,1.1297462463378907,0.010517288821903094,balanced,gini,9,58
0.8534186622472474,0.003895491265311999,140,1.6402248382568358,0.0185586444776017,balanced,gini,13,24
0.853371197925723,0.003423541120286134,141,1.1121033668518066,0.008671974372262525,balanced,log_loss,9,88
0.853371197925723,0.003423541120286134,141,1.1317772388458252,0.018454564854950003,balanced,entropy,9,88
0.8533587508285541,0.002121562078926808,143,1.7101423740386963,0.033058846201711206,balanced,log_loss,15,78
0.8533587508285541,0.002121562078926808,143,1.6804644107818603,0.02077239995797983,balanced,entropy,15,78
0.8533337236256407,0.0019471311741966458,145,1.5962693691253662,0.013392886955159453,balanced,gini,15,98
0.8532950821939969,0.004624482209656438,146,1.193754243850708,0.04693228366186033,balanced,gini,9,14
0.8532775326036649,0.002566992963834071,147,1.6864838123321533,0.019607454701301257,balanced,gini,15,68
0.8532446471779561,0.0019791875456793796,148,1.695447826385498,0.023551269747747964,balanced,log_loss,15,68
0.8532446471779561,0.0019791875456793796,148,1.7352482318878173,0.04869313785253008,balanced,entropy,15,68
0.8532027886221971,0.0030780378059637836,150,1.2930930614471436,0.009118829727432371,balanced,gini,11,108
0.8531860655232748,0.0027033246509070787,151,1.8088054656982422,0.0516993927548698,balanced,gini,15,58
0.8530552374296692,0.0019911832043267813,152,1.8067406177520753,0.036984293026872,,entropy,15,34
0.8530552374296692,0.0019911832043267813,152,1.8083700656890869,0.05236557845386067,,log_loss,15,34
0.853024580217993,0.00224235984984469,154,1.6050367832183838,0.061105703899247334,balanced,gini,15,108
0.8530181505097418,0.002216879846990104,155,1.7944759368896483,0.05469335165993715,balanced,log_loss,15,58
0.8530181505097418,0.002216879846990104,155,1.9488561630249024,0.12847811786708957,balanced,entropy,15,58
0.8530057110153022,0.002232842275534474,157,1.7638492107391357,0.025222311772359635,,gini,15,34
0.8529715745002757,0.0020849264112624603,158,1.599902582168579,0.04376062671545162,balanced,log_loss,15,108
0.8529715745002757,0.0020849264112624603,158,1.5789788246154786,0.02157668120538975,balanced,entropy,15,108
0.8529666705034714,0.0037715114111264683,160,1.1245922088623046,0.020999124824076714,balanced,gini,9,78
0.852948047717678,0.003683952738985134,161,1.195458173751831,0.025122663311167196,balanced,gini,9,68
0.8528403644881098,0.0027374066616500732,162,1.6206567764282227,0.01727427356818026,,gini,13,14
0.8526909648495726,0.0037102496790674317,163,1.1112459659576417,0.001989476227304339,balanced,gini,9,88
0.8525991582415509,0.0036009033037490965,164,1.1498758316040039,0.03906904320390941,balanced,log_loss,9,98
0.8525991582415509,0.0036009033037490965,164,1.1085966110229493,0.0095132801049805,balanced,entropy,9,98
0.8524331590436954,0.003318277215851115,166,1.1216677665710448,0.028175283424284263,,entropy,9,34
0.8524331590436954,0.003318277215851115,166,1.1116153717041015,0.026495378573784867,,log_loss,9,34
0.8523285350566077,0.003451830990119487,168,1.145397996902466,0.014117501532728319,,entropy,9,58
0.8523285350566077,0.003451830990119487,168,1.091968297958374,0.008255019062315632,,log_loss,9,58
0.8521748129669593,0.003060703812607889,170,1.1405319213867187,0.01817307125514631,,log_loss,9,24
0.8521748129669593,0.003060703812607889,170,1.1254948139190675,0.013520292167615711,,entropy,9,24
0.8521361245339729,0.0033558913242281206,172,1.0734030723571777,0.005763414267272772,,log_loss,9,88
0.8521361245339729,0.0033558913242281206,172,1.0853351593017577,0.007287602586173961,,entropy,9,88
0.8520945477542929,0.0032858107000252614,174,1.0976442337036132,0.024244958453048287,,log_loss,9,78
0.8520945477542929,0.0032858107000252614,174,1.0912872791290282,0.004348153037118999,,entropy,9,78
0.8519837992184094,0.003224636641096661,176,1.1005878925323487,0.009034606879495638,,entropy,9,68
0.8519837992184094,0.003224636641096661,176,1.1285398960113526,0.051718730672181266,,log_loss,9,68
0.8518733880839232,0.0037060807790950216,178,1.1158935546875,0.00955554270470622,balanced,log_loss,9,108
0.8518733880839232,0.0037060807790950216,178,1.1193987369537353,0.03652870427988529,balanced,entropy,9,108
0.8517847138732261,0.003531521512983223,180,1.1106388092041015,0.010475002067852608,balanced,gini,9,98
0.8517357284534455,0.0037126245149027457,181,1.1135697841644288,0.006108605973038603,,log_loss,9,14
0.8517357284534455,0.0037126245149027457,181,1.147543239593506,0.00943898849988302,,entropy,9,14
0.8517224713910154,0.0030966987189064974,183,1.6329806804656983,0.04213215096316514,,log_loss,13,14
0.8517224713910154,0.0030966987189064974,183,1.6749093532562256,0.033633818556594225,,entropy,13,14
0.8517151594845769,0.0018628640633660428,185,2.0196322441101073,0.09682215787312742,balanced,entropy,15,34
0.8517151594845769,0.0018628640633660428,185,1.8721747875213623,0.061913940288580216,balanced,log_loss,15,34
0.8516115729159452,0.0029424305592548974,187,1.1095004081726074,0.008689947167025537,,gini,9,34
0.8515100831382092,0.002842404738681012,188,1.7391448020935059,0.06308257388417558,balanced,log_loss,13,14
0.8515100831382092,0.002842404738681012,188,1.672072982788086,0.01039658240586101,balanced,entropy,13,14
0.8514454532807691,0.002406531680153432,190,1.8370865821838378,0.013931457144351246,balanced,gini,15,34
0.8513295503061578,0.00300793895375347,191,1.1438139438629151,0.019614533844492816,,gini,9,14
0.8513063384971489,0.0034992740474657333,192,1.0861006259918213,0.013114607213506328,,entropy,9,98
0.8513063384971489,0.0034992740474657333,192,1.0719136238098144,0.008811550689418763,,log_loss,9,98
0.8512122710468895,0.002766124090503455,194,1.1118541717529298,0.0012577784159722115,,gini,9,24
0.8511749694220978,0.00296554052887388,195,1.1035026073455811,0.022043339873723353,,gini,9,58
0.8510783509951463,0.0028934240347045412,196,1.102691650390625,0.015638091765139202,,gini,9,78
0.8510735913144453,0.003857944384868793,197,1.1449659824371339,0.038102303381693035,balanced,gini,9,108
0.8510252120257966,0.0035747820219125255,198,1.8075387477874756,0.0797875982131479,balanced,gini,13,14
0.8510120235278933,0.002819376982629302,199,1.1072030067443848,0.02092353358998559,,gini,9,68
0.851004772725496,0.002866264067166485,200,1.0792722225189209,0.006233336968457849,,gini,9,88
0.850934611246133,0.0018102305056378473,201,1.8902692317962646,0.03444297757742683,,entropy,15,24
0.850934611246133,0.0018102305056378473,201,1.876518154144287,0.05033028751589859,,log_loss,15,24
0.850882946984185,0.002917424301911666,203,1.0920483589172363,0.02109099319503791,,gini,9,98
0.8508817164387018,0.002301303410053333,204,1.8418707370758056,0.040065808272686104,,gini,15,24
0.8502414909117204,0.0037050325827033,205,1.1120987415313721,0.015532356188142882,,entropy,9,108
0.8502414909117204,0.0037050325827033,205,1.1073595046997071,0.028212036775210867,,log_loss,9,108
0.8501919391442826,0.0034329450669114926,207,1.0909359455108643,0.01747454997904104,,gini,9,108
0.8501368709877901,0.0019764032285820906,208,1.8894031524658204,0.02409386201475132,balanced,log_loss,15,24
0.8501368709877901,0.0019764032285820906,208,2.1141316413879396,0.28357655853157837,balanced,entropy,15,24
0.8497192294740816,0.002249821520619789,210,1.9227237701416016,0.05817285739953462,balanced,gini,15,24
0.8482090748930947,0.002152649538472023,211,1.9126814365386964,0.06474341985064251,,gini,15,14
0.8467199601210067,0.0024304011395656646,212,1.9227271556854248,0.0564026112286105,,entropy,15,14
0.8467199601210067,0.0024304011395656646,212,1.8966113090515138,0.03516125926528336,,log_loss,15,14
0.8465835642284365,0.0027304331875852112,214,2.0849953174591063,0.09081099088757255,balanced,log_loss,15,14
0.8465835642284365,0.0027304331875852112,214,2.0875932216644286,0.12568722333049612,balanced,entropy,15,14
0.8452924872012086,0.0028711498689546117,216,2.0166874885559083,0.0777385562109155,balanced,gini,15,14
