mean_auc,std_auc,rank_test_score,clf__class_weight,clf__criterion,clf__max_depth,clf__min_samples_leaf
0.8560005396866213,0.002168184202710781,1,,log_loss,13,88
0.8560005396866213,0.002168184202710781,1,,entropy,13,88
0.8557972034071686,0.003590392827070961,3,,log_loss,11,58
0.8557972034071686,0.003590392827070961,3,,entropy,11,58
0.8557301675620073,0.0029096825920026342,5,balanced,entropy,11,24
0.8557301675620073,0.0029096825920026342,5,balanced,log_loss,11,24
0.8556516467626085,0.0028849254220765196,7,,entropy,13,58
0.8556516467626085,0.0028849254220765196,7,,log_loss,13,58
0.855633758781688,0.002734612219956323,9,balanced,log_loss,11,34
0.855633758781688,0.002734612219956323,9,balanced,entropy,11,34
0.8556297266595376,0.0033767421568608475,11,,log_loss,11,34
0.8556297266595376,0.0033767421568608475,11,,entropy,11,34
0.8556140558680145,0.0033304893508684956,13,,entropy,11,88
0.8556140558680145,0.0033304893508684956,13,,log_loss,11,88
0.8555921586265764,0.0032667861582709517,15,balanced,log_loss,11,58
0.8555921586265764,0.0032667861582709517,15,balanced,entropy,11,58
0.8555896534899636,0.002510019657841548,17,,gini,13,88
0.8555807790900193,0.002941388431576715,18,,gini,13,34
0.8555552841282175,0.0023932302089353335,19,,entropy,13,78
0.8555552841282175,0.0023932302089353335,19,,log_loss,13,78
0.8554832043071816,0.003245953017381567,21,,log_loss,11,78
0.8554832043071816,0.003245953017381567,21,,entropy,11,78
0.8554526574323628,0.0023906491949299254,23,,entropy,13,34
0.8554526574323628,0.0023906491949299254,23,,log_loss,13,34
0.8554075416772686,0.0025510531644735643,25,,entropy,13,68
0.8554075416772686,0.0025510531644735643,25,,log_loss,13,68
0.8553983714785213,0.0025005906742594764,27,,gini,13,78
0.8553348593896241,0.003496543039086499,28,,log_loss,11,68
0.8553348593896241,0.003496543039086499,28,,entropy,11,68
0.8553293487707352,0.002883236812011818,30,,gini,11,34
0.8552949732814822,0.0024215228346024715,31,,entropy,13,98
0.8552949732814822,0.0024215228346024715,31,,log_loss,13,98
0.855275993421212,0.0029650849698269937,33,,gini,13,68
0.855250602262181,0.0018714341213597978,34,,gini,15,88
0.8552309625816139,0.0023508371205910174,35,,gini,13,98
0.8552048780270631,0.0016049020350478317,36,,log_loss,15,88
0.8552048780270631,0.0016049020350478317,36,,entropy,15,88
0.8551862840458554,0.0033230324034774013,38,,log_loss,11,24
0.8551862840458554,0.0033230324034774013,38,,entropy,11,24
0.8549890183731896,0.0033088507238398235,40,,gini,13,58
0.8549858477042601,0.0036026832136100712,41,balanced,gini,11,34
0.8549289258123738,0.0031311918400407685,42,balanced,log_loss,11,68
0.8549289258123738,0.0031311918400407685,42,balanced,entropy,11,68
0.8549236710370434,0.0037284565630746353,44,balanced,gini,11,58
0.8549085444048247,0.0016172628889541876,45,,gini,15,98
0.8548868354802425,0.002730197475934575,46,balanced,entropy,11,88
0.8548868354802425,0.002730197475934575,46,balanced,log_loss,11,88
0.8548760182910591,0.003062414552909785,48,balanced,entropy,11,78
0.8548760182910591,0.003062414552909785,48,balanced,log_loss,11,78
0.8548405396589978,0.0017862986997889405,50,,gini,15,78
0.8547610284097426,0.0016122363860792829,51,,entropy,15,78
0.8547610284097426,0.0016122363860792829,51,,log_loss,15,78
0.8547222104471327,0.003359811107314841,53,balanced,log_loss,13,58
0.8547222104471327,0.003359811107314841,53,balanced,entropy,13,58
0.8546935186268033,0.003461077481982101,55,,gini,11,58
0.854667401227245,0.002831600748054784,56,,gini,11,78
0.8546298251386784,0.002836387789270597,57,balanced,log_loss,13,88
0.8546298251386784,0.002836387789270597,57,balanced,entropy,13,88
0.8546054344164249,0.003030785229060043,59,,gini,11,68
0.8546032435605466,0.003534576363217647,60,balanced,gini,11,24
0.8546003728573878,0.0016974833370867013,61,,entropy,15,98
0.8546003728573878,0.0016974833370867013,61,,log_loss,15,98
0.8545801907308199,0.0033787886222851954,63,,log_loss,11,98
0.8545801907308199,0.0033787886222851954,63,,entropy,11,98
0.8545349826936292,0.0027426645634857838,65,,gini,11,24
0.8545341367251036,0.0030682689227478164,66,balanced,gini,11,88
0.8545163014074276,0.0031180048380265424,67,balanced,gini,11,78
0.8544666329909341,0.0032365070117202255,68,balanced,entropy,9,34
0.8544666329909341,0.0032365070117202255,68,balanced,log_loss,9,34
0.8544625249575606,0.0025263296955653526,70,,gini,13,24
0.8544552067412055,0.0022996758474619675,71,,entropy,13,24
0.8544552067412055,0.0022996758474619675,71,,log_loss,13,24
0.8544496686339945,0.002836577775448459,73,balanced,entropy,13,34
0.8544496686339945,0.002836577775448459,73,balanced,log_loss,13,34
0.8544305692215375,0.0032297114134928074,75,,gini,11,88
0.8544248542348163,0.002382044963424214,76,,gini,15,68
0.8543900810366513,0.0030220095924504433,77,balanced,gini,13,88
0.8543498801355154,0.0031928544631544507,78,balanced,entropy,11,14
0.8543498801355154,0.0031928544631544507,78,balanced,log_loss,11,14
0.854335422129127,0.003738736588948479,80,balanced,gini,13,58
0.8542808785861482,0.0033271391518853535,81,balanced,entropy,9,24
0.8542808785861482,0.0033271391518853535,81,balanced,log_loss,9,24
0.854255557304306,0.0031116249850080147,83,balanced,entropy,13,68
0.854255557304306,0.0031116249850080147,83,balanced,log_loss,13,68
0.8542508559454802,0.002160021759845101,85,,entropy,15,68
0.8542508559454802,0.002160021759845101,85,,log_loss,15,68
0.8542268716227828,0.003268146043770261,87,balanced,gini,11,68
0.8542194044467273,0.003005099212975862,88,,gini,13,108
0.8541888096644282,0.00286936051660956,89,balanced,gini,13,78
0.8541739568823903,0.002644167780672596,90,,entropy,15,58
0.8541739568823903,0.002644167780672596,90,,log_loss,15,58
0.854169923063569,0.0036278487628530896,92,balanced,entropy,9,58
0.854169923063569,0.0036278487628530896,92,balanced,log_loss,9,58
0.8541010835902136,0.0028397588098428893,94,,log_loss,13,108
0.8541010835902136,0.0028397588098428893,94,,entropy,13,108
0.8540968065822522,0.003031009064044177,96,balanced,entropy,13,24
0.8540968065822522,0.003031009064044177,96,balanced,log_loss,13,24
0.8540845764511122,0.0029304394318734155,98,balanced,entropy,13,78
0.8540845764511122,0.0029304394318734155,98,balanced,log_loss,13,78
0.8540814230711528,0.0035023021224148384,100,balanced,gini,13,34
0.854021274442589,0.002625829931285902,101,balanced,gini,13,98
0.8540189782178291,0.002851030782637472,102,,gini,15,58
0.8540066069271383,0.0028660656692591074,103,balanced,log_loss,11,98
0.8540066069271383,0.0028660656692591074,103,balanced,entropy,11,98
0.8539863373679861,0.0016570340592733854,105,balanced,log_loss,15,88
0.8539863373679861,0.0016570340592733854,105,balanced,entropy,15,88
0.8539791498477687,0.002694219612074939,107,balanced,entropy,13,98
0.8539791498477687,0.002694219612074939,107,balanced,log_loss,13,98
0.8539419228077094,0.002194984951708707,109,,gini,15,108
0.8538970500601982,0.004071086370562017,110,balanced,gini,9,34
0.8538966738652318,0.003450338545053975,111,balanced,gini,13,68
0.8538927676684717,0.001956603996292931,112,balanced,gini,15,88
0.8538653511939834,0.003938475591948303,113,balanced,entropy,9,14
0.8538653511939834,0.003938475591948303,113,balanced,log_loss,9,14
0.8538145926751424,0.003212501435912531,115,,gini,11,98
0.8538130148792131,0.003579587741328812,116,,entropy,11,14
0.8538130148792131,0.003579587741328812,116,,log_loss,11,14
0.8537609114278781,0.0031596573560262377,118,,gini,11,14
0.8537477239079763,0.0028384096962688556,119,balanced,gini,13,108
0.8536970643212249,0.0033945852199065638,120,,entropy,11,108
0.8536970643212249,0.0033945852199065638,120,,log_loss,11,108
0.8536866923629958,0.0029164371029545763,122,balanced,gini,11,98
0.8536082687145328,0.004064744732693139,123,balanced,gini,9,24
0.853565419006331,0.003631790113364655,124,balanced,log_loss,9,78
0.853565419006331,0.003631790113364655,124,balanced,entropy,9,78
0.8535593926564948,0.0034305442616487576,126,balanced,log_loss,9,68
0.8535593926564948,0.0034305442616487576,126,balanced,entropy,9,68
0.853522438223069,0.0020108352197029055,128,,entropy,15,108
0.853522438223069,0.0020108352197029055,128,,log_loss,15,108
0.8535169988842324,0.00135912242834469,130,balanced,log_loss,15,98
0.8535169988842324,0.00135912242834469,130,balanced,entropy,15,98
0.8535162060977258,0.0034745630190713217,132,balanced,gini,11,14
0.8534922115918693,0.002759851341039536,133,balanced,entropy,11,108
0.8534922115918693,0.002759851341039536,133,balanced,log_loss,11,108
0.8534788994903607,0.0030481615418240663,135,balanced,entropy,13,108
0.8534788994903607,0.0030481615418240663,135,balanced,log_loss,13,108
0.853463782330907,0.0021788783742972243,137,balanced,gini,15,78
0.8534298885407632,0.0032269990621889505,138,,gini,11,108
0.8534269775763731,0.004115660220391379,139,balanced,gini,9,58
0.8534186622472474,0.003895491265311999,140,balanced,gini,13,24
0.853371197925723,0.003423541120286134,141,balanced,log_loss,9,88
0.853371197925723,0.003423541120286134,141,balanced,entropy,9,88
0.8533587508285541,0.002121562078926808,143,balanced,log_loss,15,78
0.8533587508285541,0.002121562078926808,143,balanced,entropy,15,78
0.8533337236256407,0.0019471311741966458,145,balanced,gini,15,98
0.8532950821939969,0.004624482209656438,146,balanced,gini,9,14
0.8532775326036649,0.002566992963834071,147,balanced,gini,15,68
0.8532446471779561,0.0019791875456793796,148,balanced,log_loss,15,68
0.8532446471779561,0.0019791875456793796,148,balanced,entropy,15,68
0.8532027886221971,0.0030780378059637836,150,balanced,gini,11,108
0.8531860655232748,0.0027033246509070787,151,balanced,gini,15,58
0.8530552374296692,0.0019911832043267813,152,,entropy,15,34
0.8530552374296692,0.0019911832043267813,152,,log_loss,15,34
0.853024580217993,0.00224235984984469,154,balanced,gini,15,108
0.8530181505097418,0.002216879846990104,155,balanced,log_loss,15,58
0.8530181505097418,0.002216879846990104,155,balanced,entropy,15,58
0.8530057110153022,0.002232842275534474,157,,gini,15,34
0.8529715745002757,0.0020849264112624603,158,balanced,log_loss,15,108
0.8529715745002757,0.0020849264112624603,158,balanced,entropy,15,108
0.8529666705034714,0.0037715114111264683,160,balanced,gini,9,78
0.852948047717678,0.003683952738985134,161,balanced,gini,9,68
0.8528403644881098,0.0027374066616500732,162,,gini,13,14
0.8526909648495726,0.0037102496790674317,163,balanced,gini,9,88
0.8525991582415509,0.0036009033037490965,164,balanced,log_loss,9,98
0.8525991582415509,0.0036009033037490965,164,balanced,entropy,9,98
0.8524331590436954,0.003318277215851115,166,,entropy,9,34
0.8524331590436954,0.003318277215851115,166,,log_loss,9,34
0.8523285350566077,0.003451830990119487,168,,entropy,9,58
0.8523285350566077,0.003451830990119487,168,,log_loss,9,58
0.8521748129669593,0.003060703812607889,170,,log_loss,9,24
0.8521748129669593,0.003060703812607889,170,,entropy,9,24
0.8521361245339729,0.0033558913242281206,172,,log_loss,9,88
0.8521361245339729,0.0033558913242281206,172,,entropy,9,88
0.8520945477542929,0.0032858107000252614,174,,log_loss,9,78
0.8520945477542929,0.0032858107000252614,174,,entropy,9,78
0.8519837992184094,0.003224636641096661,176,,entropy,9,68
0.8519837992184094,0.003224636641096661,176,,log_loss,9,68
0.8518733880839232,0.0037060807790950216,178,balanced,log_loss,9,108
0.8518733880839232,0.0037060807790950216,178,balanced,entropy,9,108
0.8517847138732261,0.003531521512983223,180,balanced,gini,9,98
0.8517357284534455,0.0037126245149027457,181,,log_loss,9,14
0.8517357284534455,0.0037126245149027457,181,,entropy,9,14
0.8517224713910154,0.0030966987189064974,183,,log_loss,13,14
0.8517224713910154,0.0030966987189064974,183,,entropy,13,14
0.8517151594845769,0.0018628640633660428,185,balanced,entropy,15,34
0.8517151594845769,0.0018628640633660428,185,balanced,log_loss,15,34
0.8516115729159452,0.0029424305592548974,187,,gini,9,34
0.8515100831382092,0.002842404738681012,188,balanced,log_loss,13,14
0.8515100831382092,0.002842404738681012,188,balanced,entropy,13,14
0.8514454532807691,0.002406531680153432,190,balanced,gini,15,34
0.8513295503061578,0.00300793895375347,191,,gini,9,14
0.8513063384971489,0.0034992740474657333,192,,entropy,9,98
0.8513063384971489,0.0034992740474657333,192,,log_loss,9,98
0.8512122710468895,0.002766124090503455,194,,gini,9,24
0.8511749694220978,0.00296554052887388,195,,gini,9,58
0.8510783509951463,0.0028934240347045412,196,,gini,9,78
0.8510735913144453,0.003857944384868793,197,balanced,gini,9,108
0.8510252120257966,0.0035747820219125255,198,balanced,gini,13,14
0.8510120235278933,0.002819376982629302,199,,gini,9,68
0.851004772725496,0.002866264067166485,200,,gini,9,88
0.850934611246133,0.0018102305056378473,201,,entropy,15,24
0.850934611246133,0.0018102305056378473,201,,log_loss,15,24
0.850882946984185,0.002917424301911666,203,,gini,9,98
0.8508817164387018,0.002301303410053333,204,,gini,15,24
0.8502414909117204,0.0037050325827033,205,,entropy,9,108
0.8502414909117204,0.0037050325827033,205,,log_loss,9,108
0.8501919391442826,0.0034329450669114926,207,,gini,9,108
0.8501368709877901,0.0019764032285820906,208,balanced,log_loss,15,24
0.8501368709877901,0.0019764032285820906,208,balanced,entropy,15,24
0.8497192294740816,0.002249821520619789,210,balanced,gini,15,24
0.8482090748930947,0.002152649538472023,211,,gini,15,14
0.8467199601210067,0.0024304011395656646,212,,entropy,15,14
0.8467199601210067,0.0024304011395656646,212,,log_loss,15,14
0.8465835642284365,0.0027304331875852112,214,balanced,log_loss,15,14
0.8465835642284365,0.0027304331875852112,214,balanced,entropy,15,14
0.8452924872012086,0.0028711498689546117,216,balanced,gini,15,14
